{
  "timestamp": "2025-07-09T00:42:28.435361",
  "proof_components": {
    "geometric_cipher": {
      "phi": 1.618033988749895,
      "hash": "A0.50000_P0.80902_A0.80000_P0.58885_A0.30000_P0.45623_A0.10000_P0.64721_A0.90000_P0.28115_A0.20000_P0.94164_A0.70000_P0.92837_A0.40000_P0.17771_ce634cf3513fbe9a7b7438c2c8e87844",
      "waveform": [
        0.5,
        0.8,
        0.3,
        0.1,
        0.9,
        0.2,
        0.7,
        0.4
      ]
    },
    "resonance_fourier": {
      "original": [
        1.0,
        0.5,
        -0.5,
        -1.0,
        0.0,
        1.0,
        0.5,
        -0.5
      ],
      "spectrum": [
        1.0,
        -0.09342199272628765,
        -3.148175562061332,
        0.14717269942071998,
        0.9822018739120361,
        -0.24382892420462757,
        -3.0361123108601014,
        0.6423407382172516
      ],
      "reconstructed": [
        1.7956813945531496,
        0.16553836171548936,
        -0.5405694150420948,
        -0.1655383617154894,
        0.28545743553103986,
        -0.1655383617154903,
        -0.5405694150420952,
        0.16553836171549008
      ],
      "energy_preservation": 2.220446049250313e-16
    },
    "quantum_entropy": {
      "samples": [
        1,
        1,
        1,
        1,
        0,
        1,
        0,
        1,
        0,
        1,
        0,
        1,
        0,
        0,
        0,
        0,
        0,
        0,
        1,
        0,
        0,
        0,
        1,
        0,
        1,
        0,
        1,
        1,
        1,
        0,
        1,
        1,
        1,
        0,
        1,
        0,
        0,
        1,
        0,
        0,
        1,
        0,
        1,
        1,
        1,
        0,
        0,
        0,
        0,
        0,
        0,
        0,
        0,
        0,
        1,
        0,
        0,
        1,
        1,
        0,
        1,
        1,
        0,
        0,
        0,
        1,
        0,
        0,
        0,
        0,
        0,
        1,
        0,
        0,
        1,
        0,
        0,
        1,
        1,
        0,
        1,
        0,
        0,
        0,
        1,
        0,
        0,
        1,
        1,
        0,
        0,
        1,
        0,
        0,
        0,
        1,
        1,
        0,
        0,
        0
      ],
      "ones": 40,
      "zeros": 60,
      "ratio": 0.4,
      "chi_square": 4.0
    },
    "performance": {
      "throughput_gbps": 0.918773658201216,
      "hash_rate": 1105403.544181156,
      "data_size_mb": 10.0
    }
  }
}