{
  "scale": "quick",
  "timestamp": "2025-09-28 16:47:41",
  "parameters": {
    "diff": 1000,
    "linear": 1000,
    "avalanche": 500,
    "phase": 500
  },
  "differential": {
    "samples": 1000,
    "max_dp": 0.001,
    "max_count": 1,
    "unique_outputs": 1000,
    "uniformity_ratio": 3.402823669209385e+35,
    "elapsed": 84.65594673156738,
    "rate": 11.812519245350424,
    "assessment": "EXCELLENT"
  },
  "linear": {
    "samples": 1000,
    "mean_correlation": 0.519,
    "bias": 0.019000000000000017,
    "max_bias": 0.5,
    "target_bias": 2.3283064365386963e-10,
    "elapsed": 42.65723013877869,
    "rate": 23.442684786298948,
    "assessment": "EXCELLENT"
  },
  "avalanche": {
    "samples": 500,
    "average_avalanche": 0.501375,
    "std_avalanche": 0.04544500024067555,
    "target_range": [
      0.45,
      0.55
    ],
    "in_target_range": "True",
    "elapsed": 42.10508060455322,
    "rate": 11.875051485970324,
    "assessment": "EXCELLENT"
  },
  "phase_lock": {
    "samples": 500,
    "phase_distribution": [
      0.282,
      0.24,
      0.268,
      0.21
    ],
    "uniformity_score": 0.84,
    "max_deviation": 0.16,
    "target_uniformity": 0.95,
    "passes_uniformity": false,
    "elapsed": 0.0005838871002197266,
    "assessment": "GOOD"
  },
  "summary": {
    "total_elapsed": 169.41900157928467,
    "total_samples": 3000,
    "overall_rate": 17.707576907163276,
    "assessments": [
      "EXCELLENT",
      "EXCELLENT",
      "EXCELLENT",
      "GOOD"
    ],
    "overall_assessment": "CRYPTOGRAPHICALLY EXCELLENT",
    "ready_for_production": true
  }
}