{
  "timestamp": "2025-08-18 01:49:46",
  "network_size": 8,
  "precision_threshold": 1e-10,
  "total_tests": 6,
  "passed_tests": 5,
  "success_rate": 0.8333333333333334,
  "validation_time": 0.002008199691772461,
  "quantum_validity": false,
  "detailed_results": [
    {
      "test_name": "Superposition Principle",
      "vertices_tested": [
        0,
        1,
        2,
        3,
        4,
        5,
        6,
        7
      ],
      "normalization_errors": [
        2.220446049250313e-16,
        2.220446049250313e-16,
        2.220446049250313e-16,
        2.220446049250313e-16,
        0.0,
        2.220446049250313e-16,
        0.0,
        2.220446049250313e-16
      ],
      "superposition_quality": [
        0.5000000000000001,
        0.5000000000000001,
        0.5000000000000001,
        0.5000000000000001,
        0.0,
        0.4999999999999999,
        0.0,
        0.4999999999999999
      ],
      "pass": true
    },
    {
      "test_name": "Unitary Evolution",
      "initial_norms": [
        1.0000000000000002,
        1.0000000000000002,
        1.0000000000000002,
        1.0000000000000002,
        1.0,
        0.9999999999999998,
        1.0,
        0.9999999999999998
      ],
      "final_norms": [
        1.0000000000000002,
        1.0000000000000002,
        1.0000000000000002,
        1.0000000000000002,
        1.0,
        1.0000000000000002,
        1.0,
        1.0000000000000002
      ],
      "norm_preservation_errors": [
        0.0,
        0.0,
        0.0,
        0.0,
        0.0,
        4.440892098500626e-16,
        0.0,
        4.440892098500626e-16
      ],
      "pass": true
    },
    {
      "test_name": "Entanglement Generation",
      "entangled_pairs": [
        [
          0,
          1
        ],
        [
          2,
          3
        ],
        [
          4,
          5
        ],
        [
          6,
          7
        ]
      ],
      "correlation_strengths": [
        0.9999453915824349,
        0.9999338192185309,
        0.6216531537732246,
        0.6215935695695554
      ],
      "entanglement_measures": [
        0.005312754931519653,
        0.005858438449977749,
        0.07302522547822685,
        0.07302522547822687
      ],
      "pass": true
    },
    {
      "test_name": "Quantum Interference",
      "interference_patterns": [
        [
          0.999986332578138,
          1.3667421861741124e-05
        ],
        [
          0.9999863325781382,
          1.3667421861741063e-05
        ],
        [
          0.9999834322965512,
          1.6567703448688987e-05
        ],
        [
          0.9999834322965514,
          1.6567703448688865e-05
        ]
      ],
      "phase_relationships": [
        1.5449072466681741,
        1.5449072466681806,
        1.5422899723842676,
        1.5422899723842618
      ],
      "contrast_ratios": [
        0.9999726651562766,
        0.9999726651562766,
        0.9999668645931026,
        0.9999668645931027
      ],
      "pass": true
    },
    {
      "test_name": "No-Cloning Theorem",
      "cloning_attempts": [
        [
          0,
          1
        ],
        [
          1,
          2
        ],
        [
          2,
          3
        ]
      ],
      "fidelity_measures": [
        0.9999557663589037,
        0.999960013668717,
        0.9999552293397036
      ],
      "cloning_prevented": false,
      "pass": false
    },
    {
      "test_name": "Quantum Coherence",
      "initial_coherences": [
        0.0029575524537522966,
        0.0022605463169229306,
        0.0026272932062203855,
        0.0033261918118922124,
        0.07035888370015399,
        0.4972375690607734,
        0.070358883700154,
        0.49723756906077343
      ],
      "final_coherences": [
        0.002957552453752297,
        0.002260546316922931,
        0.0026272932062203855,
        0.0033261918118922124,
        0.070358883700154,
        0.4972375690607735,
        0.07035888370015402,
        0.49723756906077343
      ],
      "coherence_preservation": [
        1.0000000000000002,
        1.0000000000000002,
        1.0,
        1.0,
        1.0000000000000002,
        1.0000000000000002,
        1.0000000000000002,
        1.0
      ],
      "pass": true
    }
  ]
}