{ "superposition": { "initial_state": [ 1.0, 0.0 ], "final_state": [ 0.4999999999999999, 0.4999999999999999 ], "superposition_quality": 2.220446049250313e-16, "is_valid_superposition": true }, "interference": { "path1_prob": 0.9999999999999996, "path2_prob": 3.7493994566546427e-33, "contrast": 0.9999999999999996, "has_interference": "True" }, "unitarity": { "probability_errors": [ 4.440892098500626e-16, 1.1102230246251565e-16, 4.440892098500626e-16, 0.0, 2.220446049250313e-16, 0.0, 2.220446049250313e-16, 0.0, 4.440892098500626e-16, 3.3306690738754696e-16 ], "avg_error": 2.220446049250313e-16, "max_error": 4.440892098500626e-16, "is_unitary": "True" }, "no_cloning": { "fidelity": 1.0, "cloning_prevented": "False" }, "entanglement": { "prob_00": 0.4999999999999999, "prob_11": 0.0, "prob_01": 0.0, "prob_10": 0.4999999999999999, "bell_fidelity": 0.4999999999999999, "is_entangled": false }, "coherence": { "initial_phase_diff": 0.0, "final_phase_diff": 1.5967480493815591, "phase_drift": 1.5967480493815591, "coherence_maintained": "True" } }