{
  "frequency_analysis": {
    "fft_accuracy": 1.0,
    "rft_accuracy": 0.0,
    "fft_time": 4.3794262409210205,
    "rft_time": 34.15564155578613,
    "accuracy_improvement": 0.0,
    "detected_freqs_fft": [
      50.0,
      81.0,
      131.0
    ],
    "detected_freqs_rft": [
      101.5,
      103.5,
      105.5,
      245.0,
      246.5,
      249.0,
      251.0,
      252.5,
      254.0,
      338.0,
      339.5,
      341.0,
      343.0,
      344.5,
      346.5,
      348.0,
      349.5,
      351.5,
      353.0,
      355.0,
      356.5,
      358.0,
      363.5,
      367.0
    ],
    "true_freqs": [
      50,
      80.90169943749474,
      130.90169943749476
    ]
  },
  "cryptographic_avalanche": {
    "hash_avg_avalanche": 0.5001015625,
    "rft_avg_avalanche": 0.0011919497106457747,
    "hash_std_avalanche": 0.031417841261164314,
    "rft_std_avalanche": 1.7101534901419352e-05,
    "hash_time": 0.04307913780212402,
    "rft_time": 38.69611692428589,
    "avalanche_improvement": 0.0023834152900607556,
    "consistency_improvement": 1837.1357566598756
  },
  "resonant_quantum": {
    "std_final_coherence": 0.892713984109466,
    "rft_final_coherence": 0.7668126727821422,
    "std_avg_coherence": 0.7901485597458878,
    "rft_avg_coherence": 0.7783791951510983,
    "std_time": 0.002557039260864258,
    "rft_time": 0.03342556953430176,
    "final_coherence_improvement": 0.8589679185400936,
    "avg_coherence_improvement": 0.985104871166791,
    "std_coherence_history": [
      0.0,
      0.20029201223095205,
      0.20029201223095194,
      0.40058402446190394,
      0.40058402446190394,
      0.6645071156381593,
      0.8647991278691114,
      0.769006159430436,
      0.7690061594304362,
      0.7256799532022932,
      0.7256799532022932,
      0.8315385628409616,
      0.8315385628409616,
      0.8315385628409616,
      0.8461238623028052,
      0.8676960383551945,
      0.9046182182453822,
      0.8168072818824147,
      0.8471139028108712,
      0.8923571989957431,
      0.8594812817413645,
      0.8594812817413645,
      0.8429797903237372,
      0.915859374457704,
      0.9383911009500384,
      0.8782598789632265,
      0.8101397494025285,
      0.8166333885150054,
      0.8166333885150054,
      0.8166333885150054,
      0.8166333885150054,
      0.9140640432444024,
      0.9140640432444022,
      0.904733280498693,
      0.904733280498693,
      0.8704593001841623,
      0.7884139780534719,
      0.7594649821766049,
      0.8596992030421112,
      0.8596992030421111,
      0.9172643323179891,
      0.9172643323179891,
      0.9172643323179891,
      0.9088088189907921,
      0.9218129983829328,
      0.8403237642825392,
      0.8635192817166866,
      0.896118041979819,
      0.896118041979819,
      0.892713984109466
    ],
    "rft_coherence_history": [
      0.20029201223095205,
      0.40058402446190405,
      0.40058402446190405,
      0.5336253455642853,
      0.7339173577952374,
      0.7339173577952374,
      0.7339173577952374,
      0.8488850792298918,
      0.8488850792298918,
      0.7668126727821426,
      0.8355050329741406,
      0.8333333333333331,
      0.8333333333333331,
      0.8333333333333331,
      0.8937187714091207,
      0.8669586788976185,
      0.8669586788976185,
      0.8669586788976185,
      0.8669586788976185,
      0.8669586788976186,
      0.8937187714091207,
      0.937092708153044,
      0.937092708153044,
      0.937092708153044,
      0.8669586788976185,
      0.8937187714091207,
      0.7966921037483532,
      0.7339173577952373,
      0.8040513870506626,
      0.7339173577952373,
      0.9370927081530439,
      0.9370927081530439,
      0.8040513870506626,
      0.6666666666666665,
      0.6666666666666665,
      0.6037593748197108,
      0.8040513870506626,
      0.8040513870506626,
      0.8040513870506626,
      0.7339173577952373,
      0.7339173577952373,
      0.6008760366928559,
      0.7985447131365481,
      0.8355050329741406,
      0.8355050329741402,
      0.8355050329741402,
      0.8355050329741402,
      0.8488850792298915,
      0.7668126727821422,
      0.7668126727821422
    ]
  },
  "symbolic_optimization": {
    "std_avg_result": 7.889005661481143e-13,
    "rft_avg_result": 418.3848354308437,
    "std_success_rate": 1.0,
    "rft_success_rate": 1.0,
    "std_time": 0.10467839241027832,
    "rft_time": 0.0035767555236816406,
    "objective_improvement": 1.8855859470521237e-15,
    "success_improvement": 1.0
  },
  "average_improvement": 0.24687207161421343,
  "maximum_improvement": 0.985104871166791
}