{ "N_16": { "reconstruction": { "reconstruction_error": 4.465996316284716e-15, "relative_error": 8.388375118315904e-16, "energy_error": 7.520217894248929e-16, "perfect_reconstruction": 