{
  "differential_cryptanalysis": {
    "standard_avalanche": 0.101875,
    "rft_avalanche": 0.0,
    "standard_differential": 0.028959797475759833,
    "rft_differential": 5.451618604517568e-05,
    "avalanche_improvement": 0.0,
    "differential_improvement": 0.0018824781523699282,
    "overall_security_improvement": 0.0009412390761849641
  },
  "quantum_decoherence_resistance": {
    "correlated": {
      "standard_fidelity": 0.9972367527528629,
      "rft_fidelity": 0.9994252921228369,
      "improvement": 1.0021946036023368
    },
    "phase": {
      "standard_fidelity": 0.9949543034129625,
      "rft_fidelity": 0.9995893531272136,
      "improvement": 1.004658555371188
    },
    "amplitude_damping": {
      "standard_fidelity": 0.9995856353591159,
      "rft_fidelity": 0.999934296977661,
      "improvement": 1.0003488061514807
    },
    "overall_improvement": 1.0024006550416684
  },
  "complex_optimization": {
    "4": {
      "standard_objective": Infinity,
      "rft_objective": -4661.6788313057405,
      "standard_time": 0.37282657623291016,
      "rft_time": 5.030747175216675,
      "accuracy_improvement": 1.0,
      "speed_improvement": 0.07410958317873577,
      "standard_success": false,
      "rft_success": 