{
  "num_tests": 500,
  "aes_avalanche_score": 0.500453125,
  "rft_avalanche_score": 0.0213671875,
  "avalanche_improvement": 0.04269568203815292,
  "aes_time": 0.006178379058837891,
  "rft_time": 20.251488208770752,
  "speed_ratio": 0.0003050827176326768
}