{
  "timestamp": 1755143365.723368,
  "streams_tested": [
    {
      "stream_name": "Python Crypto",
      "data_size": 100000,
      "entropy_analysis": {
        "bits_per_byte": 7.998124238571579,
        "shannon_entropy": 7.998124238571579,
        "mean": 127.40137,
        "variance": 5471.0240921231,
        "chi_square": 258.7904,
        "chi_square_critical_95": 293.248,
        "serial_correlation": -0.0012891649570980403,
        "sample_size": 100000,
        "error": null
      },
      "runs_analysis": {
        "runs_count": 399582,
        "expected_runs": 399999.5,
        "max_run_length": 21,
        "total_bits": 800000,
        "runs_test_pass": true,
        "z_score": 0.933558964080697,
        "error": null
      },
      "bias_analysis": {
        "bias_detected": false,
        "bias_indicators": [],
        "severity": "NONE",
        "analysis": {
          "bits_per_byte": 7.998124238571579,
          "shannon_entropy": 7.998124238571579,
          "mean": 127.40137,
          "variance": 5471.0240921231,
          "chi_square": 258.7904,
          "chi_square_critical_95": 293.248,
          "serial_correlation": -0.0012891649570980403,
          "sample_size": 100000,
          "error": null
        }
      },
      "overall_assessment": {
        "quality": "EXCELLENT",
        "crypto_suitable": "YES",
        "issues": [],
        "issue_count": 0
      },
      "error": null
    },
    {
      "stream_name": "C++ RFT Engine",
      "data_size": 100000,
      "entropy_analysis": {
        "bits_per_byte": 7.998271797182503,
        "shannon_entropy": 7.998271797182503,
        "mean": 127.44354,
        "variance": 5457.4977522684,
        "chi_square": 239.86176,
        "chi_square_critical_95": 293.248,
        "serial_correlation": 0.002978081981238435,
        "sample_size": 100000,
        "error": null
      },
      "runs_analysis": {
        "runs_count": 400130,
        "expected_runs": 399999.5,
        "max_run_length": 19,
        "total_bits": 800000,
        "runs_test_pass": true,
        "z_score": 0.29180705344318797,
        "error": null
      },
      "bias_analysis": {
        "bias_detected": false,
        "bias_indicators": [],
        "severity": "NONE",
        "analysis": {
          "bits_per_byte": 7.998271797182503,
          "shannon_entropy": 7.998271797182503,
          "mean": 127.44354,
          "variance": 5457.4977522684,
          "chi_square": 239.86176,
          "chi_square_critical_95": 293.248,
          "serial_correlation": 0.002978081981238435,
          "sample_size": 100000,
          "error": null
        }
      },
      "overall_assessment": {
        "quality": "EXCELLENT",
        "crypto_suitable": "YES",
        "issues": [],
        "issue_count": 0
      },
      "error": null
    },
    {
      "stream_name": "Quantum Geometric Engine",
      "data_size": 100000,
      "entropy_analysis": {
        "bits_per_byte": 7.420859772497633,
        "shannon_entropy": 7.420859772497633,
        "mean": 105.14933,
        "variance": 6751.4915105511,
        "chi_square": 481581.39904,
        "chi_square_critical_95": 293.248,
        "serial_correlation": 0.23469076048679774,
        "sample_size": 100000,
        "error": null
      },
      "runs_analysis": {
        "runs_count": 338106,
        "expected_runs": 399999.5,
        "max_run_length": 46,
        "total_bits": 800000,
        "runs_test_pass": false,
        "z_score": 138.39815986426018,
        "error": null
      },
      "bias_analysis": {
        "bias_detected": true,
        "bias_indicators": [
          "Low entropy: 7.421 < 7.5",
          "Biased mean: 105.1 (expected ~127.5)",
          "Failed chi-square: 481581.4 > 293.2",
          "High serial correlation: 0.235"
        ],
        "severity": "HIGH",
        "analysis": {
          "bits_per_byte": 7.420859772497633,
          "shannon_entropy": 7.420859772497633,
          "mean": 105.14933,
          "variance": 6751.4915105511,
          "chi_square": 481581.39904,
          "chi_square_critical_95": 293.248,
          "serial_correlation": 0.23469076048679774,
          "sample_size": 100000,
          "error": null
        }
      },
      "overall_assessment": {
        "quality": "POOR",
        "crypto_suitable": "NO",
        "issues": [
          "LOW_ENTROPY",
          "RUNS_FAIL",
          "BIAS_HIGH",
          "CHI_SQUARE_FAIL",
          "HIGH_CORRELATION"
        ],
        "issue_count": 5
      },
      "error": null
    }
  ],
  "quantum_tests": {
    "normalization": {
      "unnormalized_test": {
        "original_norm_sq": 1.01,
        "normalized_norm_sq": 1.0000000000000002,
        "normalization_successful": true
      },
      "prenormalized_test": {
        "verification": true
      }
    }
  },
  "summary": {
    "streams_analyzed": 3,
    "quality_distribution": {
      "EXCELLENT": 2,
      "GOOD": 0,
      "FAIR": 0,
      "POOR": 1
    },
    "crypto_suitability_distribution": {
      "YES": 2,
      "PROBABLY": 0,
      "QUESTIONABLE": 0,
      "NO": 1
    },
    "overall_assessment": "FAIR",
    "total_issues_found": 5,
    "validation_errors": 0,
    "quantum_normalization_working": true,
    "recommendation": "Mixed results - investigate specific issues before deployment"
  },
  "validation_errors": []
}