Qubits,AES Classical,AES Quantum,AES Advantage,QOS Classical,QOS Quantum,QOS Advantage,Relative Resistance
4,115792089237316195423570985008687907853269984665640564039457584007913129639936,3.402823669209385e+38,3.402823669209385e+38,115792089237316195423570985008687907853269984665640564039457584007913129639936,1.0208471007628154e+39,1.1342745564031281e+38,0.3333333333333333
8,115792089237316195423570985008687907853269984665640564039457584007913129639936,3.402823669209385e+38,3.402823669209385e+38,115792089237316195423570985008687907853269984665640564039457584007913129639936,1.7014118346046923e+39,6.80564733841877e+37,0.2
16,115792089237316195423570985008687907853269984665640564039457584007913129639936,3.402823669209385e+38,3.402823669209385e+38,115792089237316195423570985008687907853269984665640564039457584007913129639936,3.062541302288446e+39,3.780915188010427e+37,0.1111111111111111
32,115792089237316195423570985008687907853269984665640564039457584007913129639936,3.402823669209385e+38,3.402823669209385e+38,115792089237316195423570985008687907853269984665640564039457584007913129639936,5.784800237655954e+39,2.0016609818878733e+37,0.058823529411764705
64,115792089237316195423570985008687907853269984665640564039457584007913129639936,3.402823669209385e+38,3.402823669209385e+38,115792089237316195423570985008687907853269984665640564039457584007913129639936,1.122931810839097e+40,1.0311586876392075e+37,0.030303030303030304
