{
  "N": [
    32,
    64,
    128,
    256,
    512
  ],
  "unitarity": {
    "Original \u03a6-RFT": [
      3.453461066551076e-15,
      6.455436342166598e-15,
      1.1982290944306102e-14,
      2.0666548855126678e-14,
      3.252308295256246e-14
    ],
    "Harmonic-Phase": [
      3.56018332155348e-15,
      6.999561873435324e-15,
      1.2099947924093925e-14,
      2.046621932624609e-14,
      3.2446027270802455e-14
    ],
    "Fibonacci Tilt": [
      3.694121549738204e-15,
      6.682969652015727e-15,
      1.2559466816017472e-14,
      2.1577451551117148e-14,
      4.44330976695577e-14
    ],
    "Chaotic Mix": [
      4.227924876032071e-15,
      6.737772070983887e-15,
      1.2332654496528318e-14,
      2.0709063553605202e-14,
      3.272358008473173e-14
    ],
    "Geometric Lattice": [
      3.768816847491943e-15,
      6.8886052108751566e-15,
      1.206119866358221e-14,
      2.046367154621027e-14,
      3.302765343483098e-14
    ],
    "\u03a6-Chaotic Hybrid": [
      3.747526903190773e-15,
      6.804160900484942e-15,
      1.2270000962452031e-14,
      2.0446267467667293e-14,
      3.25844900736772e-14
    ]
  },
  "diagonalization": [
    7.007920945394164e-15,
    1.2905260476562149e-14,
    2.375469208584023e-14,
    4.0616469081276257e-14,
    6.331824734044947e-14
  ],
  "sparsity": [
    0.8125,
    0.890625,
    0.9453125,
    0.97265625,
    0.986328125
  ]
}