{
  "N": [
    32,
    64,
    128,
    256,
    512
  ],
  "unitarity": {
    "Original \u03a6-RFT": [
      3.655842106294452e-15,
      7.04718813882086e-15,
      1.2164735320189284e-14,
      2.1010559223797984e-14,
      3.3342503982513115e-14
    ],
    "Harmonic-Phase": [
      3.734304205082963e-15,
      6.885412226691909e-15,
      1.2257165326917167e-14,
      2.0867631401084375e-14,
      3.358603856891269e-14
    ],
    "Fibonacci Tilt": [
      3.152139049752941e-15,
      6.858228768915307e-15,
      1.2445902751722147e-14,
      2.263529707913415e-14,
      4.4225049425218456e-14
    ],
    "Chaotic Mix": [
      4.1671659936360936e-15,
      6.782311373426967e-15,
      1.2244902039072977e-14,
      2.1421172915065156e-14,
      3.357259718749958e-14
    ],
    "Geometric Lattice": [
      3.857638521897463e-15,
      7.124940736766473e-15,
      1.244820698357302e-14,
      2.0828423928905527e-14,
      3.372861757692236e-14
    ],
    "\u03a6-Chaotic Hybrid": [
      4.025059464292292e-15,
      7.066768313003197e-15,
      1.223417489709391e-14,
      2.1234422774545362e-14,
      3.4086276512594816e-14
    ]
  },
  "diagonalization": [
    7.105647782510638e-15,
    1.4023531677532627e-14,
    2.412778920462263e-14,
    4.127863221050362e-14,
    6.501208430274448e-14
  ],
  "sparsity": [
    0.8125,
    0.890625,
    0.9453125,
    0.97265625,
    0.986328125
  ]
}