{
  "N": [
    32,
    64,
    128,
    256,
    512
  ],
  "unitarity": {
    "Original \u03a6-RFT": [
      3.453461066551076e-15,
      6.544915579849884e-15,
      1.1915085867532423e-14,
      2.0852520509407786e-14,
      3.284519977848944e-14
    ],
    "Harmonic-Phase": [
      3.56018332155348e-15,
      6.9475552104645015e-15,
      1.2005998134798714e-14,
      2.0401651267439797e-14,
      3.3013247397178634e-14
    ],
    "Fibonacci Tilt": [
      3.694121549738204e-15,
      6.745859457718885e-15,
      1.2486394032681444e-14,
      2.1129452844240523e-14,
      4.551567777028233e-14
    ],
    "Chaotic Mix": [
      4.227924876032071e-15,
      6.702486902323092e-15,
      1.2133463143673952e-14,
      2.1377149154313337e-14,
      3.312271881522667e-14
    ],
    "Geometric Lattice": [
      3.768816847491943e-15,
      6.702926414057971e-15,
      1.2048442672211643e-14,
      2.0693651759064257e-14,
      3.31677624905592e-14
    ],
    "\u03a6-Chaotic Hybrid": [
      3.747526903190773e-15,
      6.7889759121346916e-15,
      1.2179082396739013e-14,
      2.0682747410172302e-14,
      3.2842484717813305e-14
    ]
  },
  "diagonalization": [
    7.007920945394164e-15,
    1.2956316276960784e-14,
    2.362362074111861e-14,
    4.044350182877576e-14,
    6.423996397171818e-14
  ],
  "sparsity": [
    0.8125,
    0.890625,
    0.9453125,
    0.97265625,
    0.986328125
  ]
}