{
  "created_at": "2025-09-13T22:11:40Z",
  "note": "imported rft from src.assembly.python_bindings.unitary_rft",
  "results": [
    {
      "N": 64,
      "fft_times": [
        4.789999729837291e-05,
        1.0399999155197293e-05,
        7.000002369750291e-06
      ],
      "rft_times": [
        6.589999975403771e-05,
        5.919999966863543e-05,
        5.850000161444768e-05
      ],
      "fft_median": 1.0399999155197293e-05,
      "rft_median": 5.919999966863543e-05,
      "fft_norm": 2.7083331133326283e-08,
      "rft_norm": 1.5416666580373808e-07
    }
  ]
}