{
  "created_at": "2025-09-13T22:12:03Z",
  "note": "imported rft from src.assembly.python_bindings.unitary_rft",
  "results": [
    {
      "N": 512,
      "fft_times": [
        5.6000000768108293e-05,
        1.4199998986441642e-05,
        1.0700001439545304e-05
      ],
      "rft_times": [
        0.001077200002328027,
        0.0010613999984343536,
        0.001067100001819199
      ],
      "fft_median": 1.4199998986441642e-05,
      "rft_median": 0.001067100001819199,
      "fft_norm": 3.0815970022659815e-09,
      "rft_norm": 2.3157552122812478e-07
    }
  ]
}