{
  "created_at": "2025-09-13T22:11:45Z",
  "note": "imported rft from src.assembly.python_bindings.unitary_rft",
  "results": [
    {
      "N": 128,
      "fft_times": [
        5.1300001359777525e-05,
        1.1000000085914508e-05,
        7.599999662488699e-06
      ],
      "rft_times": [
        0.00013899999976274557,
        0.00013220000255387276,
        0.00012720000086119398
      ],
      "fft_median": 1.1000000085914508e-05,
      "rft_median": 0.00013220000255387276,
      "fft_norm": 1.2276785810172441e-08,
      "rft_norm": 1.475446457074473e-07
    }
  ]
}