{
  "created_at": {
    "now": null
  },
  "alpha": 1.4020416273823502,
  "r2": 0.9963162616068986,
  "alpha_ci_95": [
    1.348310115060716,
    1.4140463332004178
  ],
  "normed": [
    {
      "N": 128,
      "rft_median": 0.00013220000255387276,
      "rft_norm": 1.475446457074473e-07
    },
    {
      "N": 256,
      "rft_median": 0.00037510000038309954,
      "rft_norm": 1.8315429706206032e-07
    },
    {
      "N": 512,
      "rft_median": 0.001067100001819199,
      "rft_norm": 2.3157552122812478e-07
    },
    {
      "N": 64,
      "rft_median": 5.919999966863543e-05,
      "rft_norm": 1.5416666580373808e-07
    }
  ]
}