{
  "created_at": "2025-09-13T22:11:50Z",
  "note": "imported rft from src.assembly.python_bindings.unitary_rft",
  "results": [
    {
      "N": 256,
      "fft_times": [
        5.289999899105169e-05,
        1.2700002116616815e-05,
        8.600000001024455e-06
      ],
      "rft_times": [
        0.00037510000038309954,
        0.0003623000011430122,
        0.00038130000029923394
      ],
      "fft_median": 1.2700002116616815e-05,
      "rft_median": 0.00037510000038309954,
      "fft_norm": 6.201172908504304e-09,
      "rft_norm": 1.8315429706206032e-07
    }
  ]
}