{
  "N": 8,
  "note": "src.assembly.python_bindings.unitary_rft",
  "stats": {
    "frob_off": 3.252650806647619,
    "frob_total": 3.486916582911807,
    "diag_energy_fraction": 0.12985472349155927,
    "frob_off_fraction": 0.9328157784409742
  }
}