{
  "N": 32,
  "rft_import_note": "imported rft from src.assembly.python_bindings.unitary_rft",
  "build_time_s": 0.003757999998924788,
  "median_residual": 0.9819672002672443,
  "mean_score": 0.2091217314604307,
  "match_rate": 0.0,
  "per_column": {
    "matches": [
      16,
      19,
      16,
      7,
      4,
      27,
      3,
      28,
      2,
      28,
      2,
      29,
      30,
      29,
      13,
      30,
      6,
      17,
      17,
      15,
      14,
      18,
      14,
      19,
      13,
      19,
      12,
      21,
      22,
      25,
      29,
      31
    ],
    "scores": [
      0.33055602713614346,
      0.24788680989948655,
      0.2353951023571964,
      0.21408156735351627,
      0.2109798051655783,
      0.2019083409408004,
      0.1991518570258031,
      0.19032312519330125,
      0.1877706645891718,
      0.18165167412450803,
      0.18053347974109832,
      0.17944587719468127,
      0.17788365743661552,
      0.17788860439457357,
      0.17725883385647237,
      0.17719687736105416,
      0.17717722809118616,
      0.17743546840791158,
      0.17811253178892414,
      0.17771187939386618,
      0.181010890554061,
      0.1820037714709653,
      0.18685341142174405,
      0.18563923034563906,
      0.196537028793654,
      0.19447574266501258,
      0.20705958598962096,
      0.21035509185668708,
      0.22411496848065962,
      0.23418430994862152,
      0.2822610950599624,
      0.4270508686952657
    ],
    "residuals": [
      0.9437863703847242,
      0.9687890015260421,
      0.9718997611823345,
      0.9768157874028351,
      0.9774904203174257,
      0.979404422012931,
      0.9799686412550208,
      0.9817215022686857,
      0.9822128982658028,
      0.9833629387401992,
      0.9835688398340806,
      0.9837678471864426,
      0.9840515252856196,
      0.9840506310279888,
      0.9841642677011992,
      0.9841754247355992,
      0.9841789623060913,
      0.9841324375056891,
      0.9840101249579387,
      0.9840825615375454,
      0.9834810915827693,
      0.9832978323836269,
      0.9823878066425765,
      0.9826179706054248,
      0.9804964030086734,
      0.9809073276894781,
      0.9783283333573694,
      0.9776250484362363,
      0.9745627126577896,
      0.9721922181204153,
      0.9593376226415553,
      0.9042276016283832
    ],
    "scalars": [
      "(0.32896570050139573+0.03238603047082441j)",
      "(0.16492059680047283-0.18506503525279452j)",
      "(0.22868643044646353+0.05579758725439433j)",
      "(0.0852941941945691+0.19635635441012675j)",
      "(0.18547255345581304+0.10056047982327819j)",
      "(-0.10372387230118663-0.17322914436177156j)",
      "(0.10836809160510104+0.16708626178922042j)",
      "(-0.18470483560357667-0.045902240555357035j)",
      "(0.09272665704908596+0.16327764560024519j)",
      "(-0.05571358420409599+0.1728968688188698j)",
      "(-0.03993410384319069+0.1760613661700671j)",
      "(-0.06984310314027557+0.16529598841443793j)",
      "(-0.17641450656152477+0.02281485169095607j)",
      "(0.12358581984206912+0.12794882065659605j)",
      "(-0.10146092494186715+0.14534914822625242j)",
      "(-0.04689679272763839+0.17087839002743901j)",
      "(-0.17713866535048767+0.0036964025650870827j)",
      "(0.009829056284878313+0.1771630184369313j)",
      "(0.02537907728889417-0.1762951400811287j)",
      "(0.05126168332431437-0.17015802038240116j)",
      "(-0.1808802385995981-0.006876175050639083j)",
      "(0.11795244774167471+0.1386094978758767j)",
      "(-0.14191416138701393+0.12155068143684972j)",
      "(0.17085653814375432+0.07259453985565754j)",
      "(-0.16581394984333706+0.10551084173860178j)",
      "(0.01911802873785109+0.19353375793976546j)",
      "(-0.12485412688623267+0.16518207877875193j)",
      "(0.06628785143331359+0.19963763528550849j)",
      "(-0.017682193351578807-0.22341633587400062j)",
      "(0.14212916153779254+0.18612252004170907j)",
      "(-0.2788276393782558-0.04389160857383207j)",
      "(0.37817887140115874+0.1983763737926641j)"
    ]
  }
}