{
  "N": 8,
  "rft_import_note": "imported rft from src.assembly.python_bindings.unitary_rft",
  "build_time_s": 0.0013738000016019214,
  "median_residual": 0.8840204694457037,
  "mean_score": 0.4874225474271892,
  "match_rate": 0.0,
  "per_column": {
    "matches": [
      4,
      4,
      4,
      1,
      5,
      2,
      1,
      0
    ],
    "scores": [
      0.5835398246248458,
      0.4820751472339752,
      0.4159473994752095,
      0.4387282070277062,
      0.45221084525007454,
      0.4177949553158213,
      0.5294357842666884,
      0.5796482162231927
    ],
    "residuals": [
      0.8120845233575151,
      0.876129871890772,
      0.9093886742586003,
      0.8986198085721531,
      0.8919110670006354,
      0.9085413448559458,
      0.8483500164070945,
      0.8148668268062397
    ],
    "scalars": [
      "(0.536974963716866+0.22842201133968137j)",
      "(-0.2710051028131681-0.3986887029122884j)",
      "(0.2225353816316488+0.35141178559098835j)",
      "(0.37805297457121434+0.22261713334692423j)",
      "(0.3566680796122465-0.27799735528867664j)",
      "(0.3065315002412031-0.2838856531197487j)",
      "(-0.505776082640485+0.156501769609576j)",
      "(0.5249691242444977-0.2457630427071864j)"
    ]
  }
}