{
  "timestamp": "2025-09-09T21:03:25.503359",
  "classical": {
    "qubits": [
      4,
      5,
      6,
      7,
      8,
      9,
      10
    ],
    "times": [
      3.519997699186206e-05,
      3.980001201853156e-05,
      7.54999928176403e-05,
      0.00014720001490786672,
      0.00036420003743842244,
      0.0005764999659731984,
      0.001157799968495965
    ],
    "memory_mb": [
      0.000244140625,
      0.00048828125,
      0.0009765625,
      0.001953125,
      0.00390625,
      0.0078125,
      0.015625
    ],
    "scaling_type": "O(2^n) - Exponential"
  },
  "quantonium": {
    "vertices": [
      64,
      128,
      256,
      512,
      1024,
      2048,
      4096
    ],
    "times": [
      0.004979699966497719,
      0.0002839999506250024,
      0.00030989997321739793,
      0.0002609000075608492,
      0.0002633000258356333,
      0.000374099996406585,
      0.0005969000048935413
    ],
    "memory_mb": [
      0.00048828125,
      0.0009765625,
      0.001953125,
      0.00390625,
      0.0078125,
      0.015625,
      0.03125
    ],
    "scaling_type": "O(n) - Linear"
  }
}