{
  "N": 8,
  "note": "src.assembly.python_bindings.unitary_rft",
  "stats": {
    "frob_off": 2.6582409548013697,
    "frob_total": 2.82842712474619,
    "diag_energy_fraction": 0.11671937827708787,
    "frob_off_fraction": 0.9398301025839257
  }
}