{
  "N": 16,
  "note": "src.assembly.python_bindings.unitary_rft",
  "stats": {
    "frob_off": 3.838540064344443,
    "frob_total": 4.0,
    "diag_energy_fraction": 0.07910063590140973,
    "frob_off_fraction": 0.9596350160861108
  }
}